datetime,raw,interp_time,interp_time_ffill_bfill
2024-08-26 00:00:00,39.2,39.2,39.2
2024-08-26 01:00:00,40.8,40.8,40.8
2024-08-26 02:00:00,48.1,48.1,48.1
2024-08-26 03:00:00,52.7,52.7,52.7
2024-08-26 04:00:00,42.6,42.6,42.6
2024-08-26 05:00:00,40.2,40.2,40.2
2024-08-26 06:00:00,40.8,40.8,40.8
2024-08-26 07:00:00,48.6,48.6,48.6
2024-08-26 08:00:00,63.2,63.2,63.2
2024-08-26 09:00:00,57.1,57.1,57.1
2024-08-26 10:00:00,31.4,31.4,31.4
2024-08-26 11:00:00,30.3,30.3,30.3
2024-08-26 12:00:00,27.7,27.7,27.7
2024-08-26 13:00:00,32.1,32.1,32.1
2024-08-26 14:00:00,36.4,36.4,36.4
2024-08-26 15:00:00,33.5,33.5,33.5
2024-08-26 16:00:00,31.7,31.7,31.7
2024-08-26 17:00:00,33.7,33.7,33.7
2024-08-26 18:00:00,35.1,35.1,35.1
2024-08-26 19:00:00,38.4,38.4,38.4
2024-08-26 20:00:00,38.5,38.5,38.5
2024-08-26 21:00:00,36.8,36.8,36.8
2024-08-26 22:00:00,32.9,32.9,32.9
2024-08-26 23:00:00,35.1,35.1,35.1
2024-08-27 00:00:00,40.9,40.9,40.9
2024-08-27 01:00:00,40.3,40.3,40.3
2024-08-27 02:00:00,50.9,50.9,50.9
2024-08-27 03:00:00,57.5,57.5,57.5
2024-08-27 04:00:00,42.2,42.2,42.2
2024-08-27 05:00:00,32.2,32.2,32.2
2024-08-27 06:00:00,29.9,29.9,29.9
2024-08-27 07:00:00,27.7,27.7,27.7
2024-08-27 08:00:00,25.0,25.0,25.0
2024-08-27 09:00:00,24.8,24.8,24.8
2024-08-27 10:00:00,21.9,21.9,21.9
2024-08-27 11:00:00,16.6,16.6,16.6
2024-08-27 12:00:00,21.5,21.5,21.5
2024-08-27 13:00:00,27.6,27.6,27.6
2024-08-27 14:00:00,27.4,27.4,27.4
2024-08-27 15:00:00,27.9,27.9,27.9
2024-08-27 16:00:00,28.2,28.2,28.2
2024-08-27 17:00:00,25.1,25.1,25.1
2024-08-27 18:00:00,23.8,23.8,23.8
2024-08-27 19:00:00,24.8,24.8,24.8
2024-08-27 20:00:00,26.3,26.3,26.3
2024-08-27 21:00:00,29.4,29.4,29.4
2024-08-27 22:00:00,27.4,27.4,27.4
2024-08-27 23:00:00,27.4,27.4,27.4
2024-08-28 00:00:00,28.7,28.7,28.7
2024-08-28 01:00:00,30.6,30.6,30.6
2024-08-28 02:00:00,25.0,25.0,25.0
2024-08-28 03:00:00,20.3,20.3,20.3
2024-08-28 04:00:00,18.4,18.4,18.4
2024-08-28 05:00:00,11.5,11.5,11.5
2024-08-28 06:00:00,9.8,9.8,9.8
2024-08-28 07:00:00,15.5,15.5,15.5
2024-08-28 08:00:00,16.9,16.9,16.9
2024-08-28 09:00:00,26.8,26.8,26.8
2024-08-28 10:00:00,29.9,29.9,29.9
2024-08-28 11:00:00,17.8,17.8,17.8
2024-08-28 12:00:00,18.0,18.0,18.0
2024-08-28 13:00:00,18.4,18.4,18.4
2024-08-28 14:00:00,20.3,20.3,20.3
2024-08-28 15:00:00,21.4,21.4,21.4
2024-08-28 16:00:00,19.0,19.0,19.0
2024-08-28 17:00:00,21.1,21.1,21.1
2024-08-28 18:00:00,26.2,26.2,26.2
2024-08-28 19:00:00,37.0,37.0,37.0
2024-08-28 20:00:00,36.1,36.1,36.1
2024-08-28 21:00:00,30.2,30.2,30.2
2024-08-28 22:00:00,26.5,26.5,26.5
2024-08-28 23:00:00,19.1,19.1,19.1
2024-08-29 00:00:00,16.8,16.8,16.8
2024-08-29 01:00:00,20.7,20.7,20.7
2024-08-29 02:00:00,18.2,18.2,18.2
2024-08-29 03:00:00,15.1,15.1,15.1
2024-08-29 04:00:00,14.5,14.5,14.5
2024-08-29 05:00:00,14.3,14.3,14.3
2024-08-29 06:00:00,16.4,16.4,16.4
2024-08-29 07:00:00,15.8,15.8,15.8
2024-08-29 08:00:00,17.4,17.4,17.4
2024-08-29 09:00:00,15.4,15.4,15.4
2024-08-29 10:00:00,15.6,15.6,15.6
2024-08-29 11:00:00,15.4,15.4,15.4
2024-08-29 12:00:00,16.2,16.2,16.2
2024-08-29 13:00:00,30.2,30.2,30.2
2024-08-29 14:00:00,36.5,36.5,36.5
2024-08-29 15:00:00,29.1,29.1,29.1
2024-08-29 16:00:00,21.0,21.0,21.0
2024-08-29 17:00:00,20.6,20.6,20.6
2024-08-29 18:00:00,19.0,19.0,19.0
2024-08-29 19:00:00,16.9,16.9,16.9
2024-08-29 20:00:00,18.0,18.0,18.0
2024-08-29 21:00:00,19.9,19.9,19.9
2024-08-29 22:00:00,27.5,27.5,27.5
2024-08-29 23:00:00,,34.7,34.7
2024-08-30 00:00:00,41.9,41.9,41.9
2024-08-30 01:00:00,29.6,29.6,29.6
2024-08-30 02:00:00,22.4,22.4,22.4
2024-08-30 03:00:00,29.7,29.7,29.7
2024-08-30 04:00:00,29.7,29.7,29.7
2024-08-30 05:00:00,21.8,21.8,21.8
2024-08-30 06:00:00,17.2,17.2,17.2
2024-08-30 07:00:00,18.9,18.9,18.9
2024-08-30 08:00:00,22.7,22.7,22.7
2024-08-30 09:00:00,30.6,30.6,30.6
2024-08-30 10:00:00,38.7,38.7,38.7
2024-08-30 11:00:00,31.0,31.0,31.0
2024-08-30 12:00:00,25.3,25.3,25.3
2024-08-30 13:00:00,24.7,24.7,24.7
2024-08-30 14:00:00,19.5,19.5,19.5
2024-08-30 15:00:00,20.5,20.5,20.5
2024-08-30 16:00:00,19.4,19.4,19.4
2024-08-30 17:00:00,22.5,22.5,22.5
2024-08-30 18:00:00,24.7,24.7,24.7
2024-08-30 19:00:00,24.5,24.5,24.5
2024-08-30 20:00:00,23.9,23.9,23.9
2024-08-30 21:00:00,23.9,23.9,23.9
2024-08-30 22:00:00,25.4,25.4,25.4
2024-08-30 23:00:00,27.1,27.1,27.1
2024-08-31 00:00:00,23.2,23.2,23.2
2024-08-31 01:00:00,22.7,22.7,22.7
2024-08-31 02:00:00,25.6,25.6,25.6
2024-08-31 03:00:00,30.0,30.0,30.0
2024-08-31 04:00:00,28.0,28.0,28.0
2024-08-31 05:00:00,27.8,27.8,27.8
2024-08-31 06:00:00,30.3,30.3,30.3
2024-08-31 07:00:00,34.1,34.1,34.1
2024-08-31 08:00:00,34.2,34.2,34.2
2024-08-31 09:00:00,31.3,31.3,31.3
2024-08-31 10:00:00,22.8,22.8,22.8
2024-08-31 11:00:00,20.1,20.1,20.1
2024-08-31 12:00:00,22.1,22.1,22.1
2024-08-31 13:00:00,25.5,25.5,25.5
2024-08-31 14:00:00,29.8,29.8,29.8
2024-08-31 15:00:00,34.0,34.0,34.0
2024-08-31 16:00:00,35.9,35.9,35.9
2024-08-31 17:00:00,34.8,34.8,34.8
2024-08-31 18:00:00,24.6,24.6,24.6
2024-08-31 19:00:00,24.5,24.5,24.5
2024-08-31 20:00:00,26.1,26.1,26.1
2024-08-31 21:00:00,41.1,41.1,41.1
2024-08-31 22:00:00,51.0,51.0,51.0
2024-08-31 23:00:00,56.0,56.0,56.0
2024-09-01 00:00:00,49.5,49.5,49.5
2024-09-01 01:00:00,79.7,79.7,79.7
2024-09-01 02:00:00,82.2,82.2,82.2
2024-09-01 03:00:00,74.2,74.2,74.2
2024-09-01 04:00:00,51.6,51.6,51.6
2024-09-01 05:00:00,25.2,25.2,25.2
2024-09-01 06:00:00,27.1,27.1,27.1
2024-09-01 07:00:00,27.0,27.0,27.0
2024-09-01 08:00:00,35.8,35.8,35.8
2024-09-01 09:00:00,47.6,47.6,47.6
2024-09-01 10:00:00,55.2,55.2,55.2
2024-09-01 11:00:00,47.2,47.2,47.2
2024-09-01 12:00:00,43.5,43.5,43.5
2024-09-01 13:00:00,34.8,34.8,34.8
2024-09-01 14:00:00,44.2,44.2,44.2
2024-09-01 15:00:00,29.3,29.3,29.3
2024-09-01 16:00:00,31.1,31.1,31.1
2024-09-01 17:00:00,31.0,31.0,31.0
2024-09-01 18:00:00,27.3,27.3,27.3
2024-09-01 19:00:00,25.8,25.8,25.8
2024-09-01 20:00:00,24.0,24.0,24.0
2024-09-01 21:00:00,24.3,24.3,24.3
2024-09-01 22:00:00,28.9,28.9,28.9
2024-09-01 23:00:00,30.0,30.0,30.0
2024-09-02 00:00:00,31.2,31.2,31.2
2024-09-02 01:00:00,32.0,32.0,32.0
2024-09-02 02:00:00,29.9,29.9,29.9
2024-09-02 03:00:00,25.6,25.6,25.6
2024-09-02 04:00:00,22.0,22.0,22.0
2024-09-02 05:00:00,27.8,27.8,27.8
2024-09-02 06:00:00,30.3,30.3,30.3
2024-09-02 07:00:00,28.3,28.3,28.3
2024-09-02 08:00:00,28.3,28.3,28.3
2024-09-02 09:00:00,30.4,30.4,30.4
2024-09-02 10:00:00,29.9,29.9,29.9
2024-09-02 11:00:00,30.2,30.2,30.2
2024-09-02 12:00:00,30.6,30.6,30.6
2024-09-02 13:00:00,33.1,33.1,33.1
2024-09-02 14:00:00,27.7,27.7,27.7
2024-09-02 15:00:00,24.9,24.9,24.9
2024-09-02 16:00:00,23.2,23.2,23.2
2024-09-02 17:00:00,21.0,21.0,21.0
2024-09-02 18:00:00,18.2,18.2,18.2
2024-09-02 19:00:00,23.8,23.8,23.8
2024-09-02 20:00:00,33.2,33.2,33.2
2024-09-02 21:00:00,55.8,55.8,55.8
2024-09-02 22:00:00,60.2,60.2,60.2
2024-09-02 23:00:00,48.5,48.5,48.5
2024-09-03 00:00:00,31.5,31.5,31.5
2024-09-03 01:00:00,25.2,25.2,25.2
2024-09-03 02:00:00,21.9,21.9,21.9
2024-09-03 03:00:00,24.9,24.9,24.9
2024-09-03 04:00:00,24.6,24.6,24.6
2024-09-03 05:00:00,19.1,19.1,19.1
2024-09-03 06:00:00,20.3,20.3,20.3
2024-09-03 07:00:00,26.2,26.2,26.2
2024-09-03 08:00:00,41.2,41.2,41.2
2024-09-03 09:00:00,43.5,43.5,43.5
2024-09-03 10:00:00,38.5,38.5,38.5
2024-09-03 11:00:00,34.2,34.2,34.2
2024-09-03 12:00:00,28.5,28.5,28.5
2024-09-03 13:00:00,33.9,33.9,33.9
2024-09-03 14:00:00,33.2,33.2,33.2
2024-09-03 15:00:00,36.6,36.6,36.6
2024-09-03 16:00:00,27.3,27.3,27.3
2024-09-03 17:00:00,32.7,32.7,32.7
2024-09-03 18:00:00,26.9,26.9,26.9
2024-09-03 19:00:00,26.5,26.5,26.5
2024-09-03 20:00:00,23.2,23.2,23.2
2024-09-03 21:00:00,22.7,22.7,22.7
2024-09-03 22:00:00,23.9,23.9,23.9
2024-09-03 23:00:00,19.6,19.6,19.6
2024-09-04 00:00:00,17.1,17.1,17.1
2024-09-04 01:00:00,14.5,14.5,14.5
2024-09-04 02:00:00,16.7,16.7,16.7
2024-09-04 03:00:00,15.4,15.4,15.4
2024-09-04 04:00:00,14.4,14.4,14.4
2024-09-04 05:00:00,15.9,15.9,15.9
2024-09-04 06:00:00,18.7,18.7,18.7
2024-09-04 07:00:00,21.3,21.3,21.3
2024-09-04 08:00:00,27.2,27.2,27.2
2024-09-04 09:00:00,31.0,31.0,31.0
2024-09-04 10:00:00,32.3,32.3,32.3
2024-09-04 11:00:00,29.7,29.7,29.7
2024-09-04 12:00:00,30.8,30.8,30.8
2024-09-04 13:00:00,25.5,25.5,25.5
2024-09-04 14:00:00,21.4,21.4,21.4
2024-09-04 15:00:00,19.2,19.2,19.2
2024-09-04 16:00:00,18.5,18.5,18.5
2024-09-04 17:00:00,20.1,20.1,20.1
2024-09-04 18:00:00,19.2,19.2,19.2
2024-09-04 19:00:00,26.0,26.0,26.0
2024-09-04 20:00:00,39.1,39.1,39.1
2024-09-04 21:00:00,43.4,43.4,43.4
2024-09-04 22:00:00,42.2,42.2,42.2
2024-09-04 23:00:00,40.8,40.8,40.8
2024-09-05 00:00:00,43.2,43.2,43.2
2024-09-05 01:00:00,46.7,46.7,46.7
2024-09-05 02:00:00,41.6,41.6,41.6
2024-09-05 03:00:00,45.1,45.1,45.1
2024-09-05 04:00:00,38.6,38.6,38.6
2024-09-05 05:00:00,44.0,44.0,44.0
2024-09-05 06:00:00,37.2,37.2,37.2
2024-09-05 07:00:00,42.6,42.6,42.6
2024-09-05 08:00:00,28.9,28.9,28.9
2024-09-05 09:00:00,24.0,24.0,24.0
2024-09-05 10:00:00,24.5,24.5,24.5
2024-09-05 11:00:00,25.4,25.4,25.4
2024-09-05 12:00:00,36.2,36.2,36.2
2024-09-05 13:00:00,36.9,36.9,36.9
2024-09-05 14:00:00,31.1,31.1,31.1
2024-09-05 15:00:00,21.2,21.2,21.2
2024-09-05 16:00:00,17.9,17.9,17.9
2024-09-05 17:00:00,17.9,17.9,17.9
2024-09-05 18:00:00,17.4,17.4,17.4
2024-09-05 19:00:00,20.2,20.2,20.2
2024-09-05 20:00:00,21.0,21.0,21.0
2024-09-05 21:00:00,22.4,22.4,22.4
2024-09-05 22:00:00,23.7,23.7,23.7
2024-09-05 23:00:00,29.3,29.3,29.3
2024-09-06 00:00:00,41.1,41.1,41.1
2024-09-06 01:00:00,48.1,48.1,48.1
2024-09-06 02:00:00,44.7,44.7,44.7
2024-09-06 03:00:00,42.1,42.1,42.1
2024-09-06 04:00:00,37.4,37.4,37.4
2024-09-06 05:00:00,20.3,20.3,20.3
2024-09-06 06:00:00,15.4,15.4,15.4
2024-09-06 07:00:00,15.1,15.1,15.1
2024-09-06 08:00:00,19.2,19.2,19.2
2024-09-06 09:00:00,23.6,23.6,23.6
2024-09-06 10:00:00,30.7,30.7,30.7
2024-09-06 11:00:00,29.4,29.4,29.4
2024-09-06 12:00:00,32.0,32.0,32.0
2024-09-06 13:00:00,31.5,31.5,31.5
2024-09-06 14:00:00,26.0,26.0,26.0
2024-09-06 15:00:00,31.3,31.3,31.3
2024-09-06 16:00:00,16.9,16.9,16.9
2024-09-06 17:00:00,15.1,15.1,15.1
2024-09-06 18:00:00,15.5,15.5,15.5
2024-09-06 19:00:00,16.3,16.3,16.3
2024-09-06 20:00:00,22.7,22.7,22.7
2024-09-06 21:00:00,29.0,29.0,29.0
2024-09-06 22:00:00,35.6,35.6,35.6
2024-09-06 23:00:00,44.9,44.9,44.9
2024-09-07 00:00:00,47.8,47.8,47.8
2024-09-07 01:00:00,46.3,46.3,46.3
2024-09-07 02:00:00,61.1,61.1,61.1
2024-09-07 03:00:00,61.7,61.7,61.7
2024-09-07 04:00:00,55.4,55.4,55.4
2024-09-07 05:00:00,45.5,45.5,45.5
2024-09-07 06:00:00,37.9,37.9,37.9
2024-09-07 07:00:00,31.3,31.3,31.3
2024-09-07 08:00:00,27.0,27.0,27.0
2024-09-07 09:00:00,26.3,26.3,26.3
2024-09-07 10:00:00,28.1,28.1,28.1
2024-09-07 11:00:00,37.0,37.0,37.0
2024-09-07 12:00:00,36.1,36.1,36.1
2024-09-07 13:00:00,31.2,31.2,31.2
2024-09-07 14:00:00,29.0,29.0,29.0
2024-09-07 15:00:00,24.0,24.0,24.0
2024-09-07 16:00:00,20.1,20.1,20.1
2024-09-07 17:00:00,20.1,20.1,20.1
2024-09-07 18:00:00,21.3,21.3,21.3
2024-09-07 19:00:00,22.8,22.8,22.8
2024-09-07 20:00:00,28.1,28.1,28.1
2024-09-07 21:00:00,34.2,34.2,34.2
2024-09-07 22:00:00,42.6,42.6,42.6
2024-09-07 23:00:00,42.0,42.0,42.0
2024-09-08 00:00:00,44.2,44.2,44.2
2024-09-08 01:00:00,51.3,51.3,51.3
2024-09-08 02:00:00,54.1,54.1,54.1
2024-09-08 03:00:00,57.2,57.2,57.2
2024-09-08 04:00:00,58.3,58.3,58.3
2024-09-08 05:00:00,59.9,59.9,59.9
2024-09-08 06:00:00,66.974,66.974,66.974
2024-09-08 07:00:00,74.0,74.0,74.0
2024-09-08 08:00:00,89.2,89.2,89.2
2024-09-08 09:00:00,94.9,94.9,94.9
2024-09-08 10:00:00,72.8,72.8,72.8
2024-09-08 11:00:00,52.6,52.6,52.6
2024-09-08 12:00:00,34.0,34.0,34.0
2024-09-08 13:00:00,29.7,29.7,29.7
2024-09-08 14:00:00,28.8,28.8,28.8
2024-09-08 15:00:00,27.5,27.5,27.5
2024-09-08 16:00:00,24.4,24.4,24.4
2024-09-08 17:00:00,26.5,26.5,26.5
2024-09-08 18:00:00,28.2,28.2,28.2
2024-09-08 19:00:00,35.0,35.0,35.0
2024-09-08 20:00:00,48.1,48.1,48.1
2024-09-08 21:00:00,63.7,63.7,63.7
2024-09-08 22:00:00,,74.3,74.3
2024-09-08 23:00:00,,84.9,84.9
2024-09-09 00:00:00,95.5,95.5,95.5
2024-09-09 01:00:00,51.3,51.3,51.3
2024-09-09 02:00:00,54.1,54.1,54.1
2024-09-09 03:00:00,57.2,57.2,57.2
2024-09-09 04:00:00,58.3,58.3,58.3
2024-09-09 05:00:00,59.9,59.9,59.9
2024-09-09 06:00:00,66.9,66.9,66.9
2024-09-09 07:00:00,74.0,74.0,74.0
2024-09-09 08:00:00,89.2,89.2,89.2
2024-09-09 09:00:00,94.9,94.9,94.9
2024-09-09 10:00:00,72.8,72.8,72.8
2024-09-09 11:00:00,52.6,52.6,52.6
2024-09-09 12:00:00,34.0,34.0,34.0
2024-09-09 13:00:00,27.8,27.8,27.8
2024-09-09 14:00:00,24.4,24.4,24.4
2024-09-09 15:00:00,23.0,23.0,23.0
2024-09-09 16:00:00,26.2,26.2,26.2
2024-09-09 17:00:00,23.6,23.6,23.6
2024-09-09 18:00:00,24.8,24.8,24.8
2024-09-09 19:00:00,24.7,24.7,24.7
2024-09-09 20:00:00,25.9,25.9,25.9
2024-09-09 21:00:00,27.4,27.4,27.4
2024-09-09 22:00:00,26.6,26.6,26.6
2024-09-09 23:00:00,29.8,29.8,29.8
2024-09-10 00:00:00,27.4,27.4,27.4
2024-09-10 01:00:00,30.2,30.2,30.2
2024-09-10 02:00:00,32.7,32.7,32.7
2024-09-10 03:00:00,38.6,38.6,38.6
2024-09-10 04:00:00,34.9,34.9,34.9
2024-09-10 05:00:00,38.2,38.2,38.2
2024-09-10 06:00:00,33.4,33.4,33.4
2024-09-10 07:00:00,28.2,28.2,28.2
2024-09-10 08:00:00,39.3,39.3,39.3
2024-09-10 09:00:00,54.9,54.9,54.9
2024-09-10 10:00:00,56.5,56.5,56.5
2024-09-10 11:00:00,61.2,61.2,61.2
2024-09-10 12:00:00,51.6,51.6,51.6
2024-09-10 13:00:00,39.4,39.4,39.4
2024-09-10 14:00:00,47.4,47.4,47.4
2024-09-10 15:00:00,40.7,40.7,40.7
2024-09-10 16:00:00,31.7,31.7,31.7
2024-09-10 17:00:00,33.4,33.4,33.4
2024-09-10 18:00:00,34.5,34.5,34.5
2024-09-10 19:00:00,44.7,44.7,44.7
2024-09-10 20:00:00,47.4,47.4,47.4
2024-09-10 21:00:00,60.0,60.0,60.0
2024-09-10 22:00:00,60.3,60.3,60.3
2024-09-10 23:00:00,40.9,40.9,40.9
2024-09-11 00:00:00,34.2,34.2,34.2
2024-09-11 01:00:00,34.0,34.0,34.0
2024-09-11 02:00:00,30.1,30.1,30.1
2024-09-11 03:00:00,13.5,13.5,13.5
2024-09-11 04:00:00,14.0,14.0,14.0
2024-09-11 05:00:00,17.9,17.9,17.9
2024-09-11 06:00:00,23.0,23.0,23.0
2024-09-11 07:00:00,20.2,20.2,20.2
2024-09-11 08:00:00,36.9,36.9,36.9
2024-09-11 09:00:00,76.5,76.5,76.5
2024-09-11 10:00:00,55.9,55.9,55.9
2024-09-11 11:00:00,50.4,50.4,50.4
2024-09-11 12:00:00,32.6,32.6,32.6
2024-09-11 13:00:00,29.0,29.0,29.0
2024-09-11 14:00:00,27.6,27.6,27.6
2024-09-11 15:00:00,25.0,25.0,25.0
2024-09-11 16:00:00,15.9,15.9,15.9
2024-09-11 17:00:00,20.8,20.8,20.8
2024-09-11 18:00:00,42.0,42.0,42.0
2024-09-11 19:00:00,36.6,36.6,36.6
2024-09-11 20:00:00,41.8,41.8,41.8
2024-09-11 21:00:00,37.9,37.9,37.9
2024-09-11 22:00:00,44.1,44.1,44.1
2024-09-11 23:00:00,56.3,56.3,56.3
2024-09-12 00:00:00,65.4,65.4,65.4
2024-09-12 01:00:00,46.6,46.6,46.6
2024-09-12 02:00:00,53.0,53.0,53.0
2024-09-12 03:00:00,42.1,42.1,42.1
2024-09-12 04:00:00,31.8,31.8,31.8
2024-09-12 05:00:00,26.5,26.5,26.5
2024-09-12 06:00:00,24.9,24.9,24.9
2024-09-12 07:00:00,25.2,25.2,25.2
2024-09-12 08:00:00,31.3,31.3,31.3
2024-09-12 09:00:00,42.4,42.4,42.4
2024-09-12 10:00:00,55.6,55.6,55.6
2024-09-12 11:00:00,45.6,45.6,45.6
2024-09-12 12:00:00,27.0,27.0,27.0
2024-09-12 13:00:00,,24.725,24.725
2024-09-12 14:00:00,,22.45,22.45
2024-09-12 15:00:00,,20.174999999999997,20.174999999999997
2024-09-12 16:00:00,17.9,17.9,17.9
2024-09-12 17:00:00,18.5,18.5,18.5
2024-09-12 18:00:00,20.7,20.7,20.7
2024-09-12 19:00:00,26.4,26.4,26.4
2024-09-12 20:00:00,37.8,37.8,37.8
2024-09-12 21:00:00,37.3,37.3,37.3
2024-09-12 22:00:00,46.7,46.7,46.7
2024-09-12 23:00:00,48.6,48.6,48.6
2024-09-13 00:00:00,45.0,45.0,45.0
2024-09-13 01:00:00,55.1,55.1,55.1
2024-09-13 02:00:00,69.8,69.8,69.8
2024-09-13 03:00:00,75.7,75.7,75.7
2024-09-13 04:00:00,77.9,77.9,77.9
2024-09-13 05:00:00,57.9,57.9,57.9
2024-09-13 06:00:00,46.5,46.5,46.5
2024-09-13 07:00:00,64.5,64.5,64.5
2024-09-13 08:00:00,75.7,75.7,75.7
2024-09-13 09:00:00,64.1,64.1,64.1
2024-09-13 10:00:00,56.7,56.7,56.7
2024-09-13 11:00:00,49.3,49.3,49.3
2024-09-13 12:00:00,52.1,52.1,52.1
2024-09-13 13:00:00,40.0,40.0,40.0
2024-09-13 14:00:00,34.0,34.0,34.0
2024-09-13 15:00:00,29.6,29.6,29.6
2024-09-13 16:00:00,27.1,27.1,27.1
2024-09-13 17:00:00,28.4,28.4,28.4
2024-09-13 18:00:00,24.4,24.4,24.4
2024-09-13 19:00:00,28.2,28.2,28.2
2024-09-13 20:00:00,33.0,33.0,33.0
2024-09-13 21:00:00,44.8,44.8,44.8
2024-09-13 22:00:00,53.3,53.3,53.3
2024-09-13 23:00:00,40.6,40.6,40.6
2024-09-14 00:00:00,37.9,37.9,37.9
2024-09-14 01:00:00,36.7,36.7,36.7
2024-09-14 02:00:00,36.7,36.7,36.7
2024-09-14 03:00:00,28.3,28.3,28.3
2024-09-14 04:00:00,28.3,28.3,28.3
2024-09-14 05:00:00,28.3,28.3,28.3
2024-09-14 06:00:00,31.1,31.1,31.1
2024-09-14 07:00:00,32.1,32.1,32.1
2024-09-14 08:00:00,35.1,35.1,35.1
2024-09-14 09:00:00,40.0,40.0,40.0
2024-09-14 10:00:00,32.7,32.7,32.7
2024-09-14 11:00:00,29.7,29.7,29.7
2024-09-14 12:00:00,30.1,30.1,30.1
2024-09-14 13:00:00,28.8,28.8,28.8
2024-09-14 14:00:00,28.6,28.6,28.6
2024-09-14 15:00:00,27.8,27.8,27.8
2024-09-14 16:00:00,26.6,26.6,26.6
2024-09-14 17:00:00,28.2,28.2,28.2
2024-09-14 18:00:00,27.2,27.2,27.2
2024-09-14 19:00:00,32.9,32.9,32.9
2024-09-14 20:00:00,35.8,35.8,35.8
2024-09-14 21:00:00,43.1,43.1,43.1
2024-09-14 22:00:00,48.6,48.6,48.6
2024-09-14 23:00:00,56.8,56.8,56.8
2024-09-15 00:00:00,38.0,38.0,38.0
2024-09-15 01:00:00,29.4,29.4,29.4
2024-09-15 02:00:00,24.5,24.5,24.5
2024-09-15 03:00:00,19.2,19.2,19.2
2024-09-15 04:00:00,16.3,16.3,16.3
2024-09-15 05:00:00,13.4,13.4,13.4
2024-09-15 06:00:00,17.1,17.1,17.1
2024-09-15 07:00:00,18.3,18.3,18.3
2024-09-15 08:00:00,18.7,18.7,18.7
2024-09-15 09:00:00,18.7,18.7,18.7
2024-09-15 10:00:00,18.5,18.5,18.5
2024-09-15 11:00:00,19.5,19.5,19.5
2024-09-15 12:00:00,21.7,21.7,21.7
2024-09-15 13:00:00,22.8,22.8,22.8
2024-09-15 14:00:00,24.3,24.3,24.3
2024-09-15 15:00:00,26.6,26.6,26.6
2024-09-15 16:00:00,26.2,26.2,26.2
2024-09-15 17:00:00,25.3,25.3,25.3
2024-09-15 18:00:00,23.9,23.9,23.9
2024-09-15 19:00:00,23.7,23.7,23.7
2024-09-15 20:00:00,25.2,25.2,25.2
2024-09-15 21:00:00,25.9,25.9,25.9
2024-09-15 22:00:00,25.1,25.1,25.1
2024-09-15 23:00:00,24.8,24.8,24.8
2024-09-16 00:00:00,26.5,26.5,26.5
2024-09-16 01:00:00,25.5,25.5,25.5
2024-09-16 02:00:00,24.2,24.2,24.2
2024-09-16 03:00:00,23.6,23.6,23.6
2024-09-16 04:00:00,21.3,21.3,21.3
2024-09-16 05:00:00,19.6,19.6,19.6
2024-09-16 06:00:00,17.9,17.9,17.9
2024-09-16 07:00:00,14.1,14.1,14.1
2024-09-16 08:00:00,14.7,14.7,14.7
2024-09-16 09:00:00,14.5,14.5,14.5
2024-09-16 10:00:00,15.8,15.8,15.8
2024-09-16 11:00:00,20.0,20.0,20.0
2024-09-16 12:00:00,22.1,22.1,22.1
2024-09-16 13:00:00,24.2,24.2,24.2
2024-09-16 14:00:00,22.0,22.0,22.0
2024-09-16 15:00:00,19.9,19.9,19.9
2024-09-16 16:00:00,18.4,18.4,18.4
2024-09-16 17:00:00,20.5,20.5,20.5
2024-09-16 18:00:00,22.5,22.5,22.5
2024-09-16 19:00:00,29.8,29.8,29.8
2024-09-16 20:00:00,30.2,30.2,30.2
2024-09-16 21:00:00,31.3,31.3,31.3
2024-09-16 22:00:00,34.4,34.4,34.4
2024-09-16 23:00:00,33.2,33.2,33.2
2024-09-17 00:00:00,31.4,31.4,31.4
2024-09-17 01:00:00,28.0,28.0,28.0
2024-09-17 02:00:00,26.5,26.5,26.5
2024-09-17 03:00:00,29.0,29.0,29.0
2024-09-17 04:00:00,27.5,27.5,27.5
2024-09-17 05:00:00,20.8,20.8,20.8
2024-09-17 06:00:00,15.6,15.6,15.6
2024-09-17 07:00:00,16.0,16.0,16.0
2024-09-17 08:00:00,22.5,22.5,22.5
2024-09-17 09:00:00,35.9,35.9,35.9
2024-09-17 10:00:00,38.9,38.9,38.9
2024-09-17 11:00:00,27.3,27.3,27.3
2024-09-17 12:00:00,23.1,23.1,23.1
2024-09-17 13:00:00,18.7,18.7,18.7
2024-09-17 14:00:00,24.1,24.1,24.1
2024-09-17 15:00:00,26.3,26.3,26.3
2024-09-17 16:00:00,25.3,25.3,25.3
2024-09-17 17:00:00,24.9,24.9,24.9
2024-09-17 18:00:00,27.6,27.6,27.6
2024-09-17 19:00:00,33.5,33.5,33.5
2024-09-17 20:00:00,29.8,29.8,29.8
2024-09-17 21:00:00,31.8,31.8,31.8
2024-09-17 22:00:00,37.7,37.7,37.7
2024-09-17 23:00:00,98.0,98.0,98.0
2024-09-18 00:00:00,111.8,111.8,111.8
2024-09-18 01:00:00,77.2,77.2,77.2
2024-09-18 02:00:00,76.7,76.7,76.7
2024-09-18 03:00:00,58.4,58.4,58.4
2024-09-18 04:00:00,23.6,23.6,23.6
2024-09-18 05:00:00,17.0,17.0,17.0
2024-09-18 06:00:00,14.7,14.7,14.7
2024-09-18 07:00:00,16.8,16.8,16.8
2024-09-18 08:00:00,17.9,17.9,17.9
2024-09-18 09:00:00,18.8,18.8,18.8
2024-09-18 10:00:00,18.2,18.2,18.2
2024-09-18 11:00:00,16.3,16.3,16.3
2024-09-18 12:00:00,15.0,15.0,15.0
2024-09-18 13:00:00,16.9,16.9,16.9
2024-09-18 14:00:00,16.0,16.0,16.0
2024-09-18 15:00:00,21.0,21.0,21.0
2024-09-18 16:00:00,20.7,20.7,20.7
2024-09-18 17:00:00,22.0,22.0,22.0
2024-09-18 18:00:00,22.8,22.8,22.8
2024-09-18 19:00:00,23.8,23.8,23.8
2024-09-18 20:00:00,25.5,25.5,25.5
2024-09-18 21:00:00,32.2,32.2,32.2
2024-09-18 22:00:00,42.8,42.8,42.8
2024-09-18 23:00:00,42.6,42.6,42.6
2024-09-19 00:00:00,45.8,45.8,45.8
2024-09-19 01:00:00,45.9,45.9,45.9
2024-09-19 02:00:00,28.1,28.1,28.1
2024-09-19 03:00:00,30.5,30.5,30.5
2024-09-19 04:00:00,35.0,35.0,35.0
2024-09-19 05:00:00,37.1,37.1,37.1
2024-09-19 06:00:00,43.1,43.1,43.1
2024-09-19 07:00:00,28.9,28.9,28.9
2024-09-19 08:00:00,32.2,32.2,32.2
2024-09-19 09:00:00,17.5,17.5,17.5
2024-09-19 10:00:00,27.3,27.3,27.3
2024-09-19 11:00:00,31.6,31.6,31.6
2024-09-19 12:00:00,19.5,19.5,19.5
2024-09-19 13:00:00,30.2,30.2,30.2
2024-09-19 14:00:00,22.4,22.4,22.4
2024-09-19 15:00:00,23.1,23.1,23.1
2024-09-19 16:00:00,20.4,20.4,20.4
2024-09-19 17:00:00,22.2,22.2,22.2
2024-09-19 18:00:00,33.3,33.3,33.3
2024-09-19 19:00:00,,40.2,40.2
2024-09-19 20:00:00,47.1,47.1,47.1
2024-09-19 21:00:00,41.0,41.0,41.0
2024-09-19 22:00:00,42.5,42.5,42.5
2024-09-19 23:00:00,33.1,33.1,33.1
2024-09-20 00:00:00,40.1,40.1,40.1
2024-09-20 01:00:00,26.2,26.2,26.2
2024-09-20 02:00:00,24.2,24.2,24.2
2024-09-20 03:00:00,26.5,26.5,26.5
2024-09-20 04:00:00,32.6,32.6,32.6
2024-09-20 05:00:00,26.5,26.5,26.5
2024-09-20 06:00:00,31.2,31.2,31.2
2024-09-20 07:00:00,47.4,47.4,47.4
2024-09-20 08:00:00,51.6,51.6,51.6
2024-09-20 09:00:00,48.9,48.9,48.9
2024-09-20 10:00:00,41.2,41.2,41.2
2024-09-20 11:00:00,35.7,35.7,35.7
2024-09-20 12:00:00,23.3,23.3,23.3
2024-09-20 13:00:00,22.8,22.8,22.8
2024-09-20 14:00:00,20.7,20.7,20.7
2024-09-20 15:00:00,19.2,19.2,19.2
2024-09-20 16:00:00,19.7,19.7,19.7
2024-09-20 17:00:00,18.8,18.8,18.8
2024-09-20 18:00:00,22.8,22.8,22.8
2024-09-20 19:00:00,28.0,28.0,28.0
2024-09-20 20:00:00,31.9,31.9,31.9
2024-09-20 21:00:00,32.4,32.4,32.4
2024-09-20 22:00:00,33.5,33.5,33.5
2024-09-20 23:00:00,34.3,34.3,34.3
2024-09-21 00:00:00,27.5,27.5,27.5
2024-09-21 01:00:00,34.6,34.6,34.6
2024-09-21 02:00:00,47.5,47.5,47.5
2024-09-21 03:00:00,34.2,34.2,34.2
2024-09-21 04:00:00,37.9,37.9,37.9
2024-09-21 05:00:00,25.6,25.6,25.6
2024-09-21 06:00:00,24.1,24.1,24.1
2024-09-21 07:00:00,28.5,28.5,28.5
2024-09-21 08:00:00,31.9,31.9,31.9
2024-09-21 09:00:00,33.6,33.6,33.6
2024-09-21 10:00:00,32.3,32.3,32.3
2024-09-21 11:00:00,61.3,61.3,61.3
2024-09-21 12:00:00,90.3,90.3,90.3
2024-09-21 13:00:00,76.4,76.4,76.4
2024-09-21 14:00:00,47.3,47.3,47.3
2024-09-21 15:00:00,31.4,31.4,31.4
2024-09-21 16:00:00,19.3,19.3,19.3
2024-09-21 17:00:00,16.9,16.9,16.9
2024-09-21 18:00:00,14.9,14.9,14.9
2024-09-21 19:00:00,16.9,16.9,16.9
2024-09-21 20:00:00,21.7,21.7,21.7
2024-09-21 21:00:00,22.6,22.6,22.6
2024-09-21 22:00:00,24.1,24.1,24.1
2024-09-21 23:00:00,23.2,23.2,23.2
2024-09-22 00:00:00,30.2,30.2,30.2
2024-09-22 01:00:00,33.0,33.0,33.0
2024-09-22 02:00:00,44.7,44.7,44.7
2024-09-22 03:00:00,43.9,43.9,43.9
2024-09-22 04:00:00,58.4,58.4,58.4
2024-09-22 05:00:00,50.8,50.8,50.8
2024-09-22 06:00:00,44.0,44.0,44.0
2024-09-22 07:00:00,39.7,39.7,39.7
2024-09-22 08:00:00,32.5,32.5,32.5
2024-09-22 09:00:00,30.3,30.3,30.3
2024-09-22 10:00:00,28.5,28.5,28.5
2024-09-22 11:00:00,14.7,14.7,14.7
2024-09-22 12:00:00,14.4,14.4,14.4
2024-09-22 13:00:00,16.2,16.2,16.2
2024-09-22 14:00:00,15.8,15.8,15.8
2024-09-22 15:00:00,19.8,19.8,19.8
2024-09-22 16:00:00,27.2,27.2,27.2
2024-09-22 17:00:00,24.5,24.5,24.5
2024-09-22 18:00:00,19.3,19.3,19.3
2024-09-22 19:00:00,18.1,18.1,18.1
2024-09-22 20:00:00,21.9,21.9,21.9
2024-09-22 21:00:00,25.0,25.0,25.0
2024-09-22 22:00:00,26.7,26.7,26.7
2024-09-22 23:00:00,27.3,27.3,27.3
2024-09-23 00:00:00,27.9,27.9,27.9
2024-09-23 01:00:00,28.4,28.4,28.4
2024-09-23 02:00:00,30.5,30.5,30.5
2024-09-23 03:00:00,33.7,33.7,33.7
2024-09-23 04:00:00,35.3,35.3,35.3
2024-09-23 05:00:00,27.1,27.1,27.1
2024-09-23 06:00:00,23.2,23.2,23.2
2024-09-23 07:00:00,24.5,24.5,24.5
2024-09-23 08:00:00,24.0,24.0,24.0
2024-09-23 09:00:00,,20.150000000000002,20.150000000000002
2024-09-23 10:00:00,16.3,16.3,16.3
2024-09-23 11:00:00,18.7,18.7,18.7
2024-09-23 12:00:00,21.5,21.5,21.5
2024-09-23 13:00:00,18.9,18.9,18.9
2024-09-23 14:00:00,16.4,16.4,16.4
2024-09-23 15:00:00,16.6,16.6,16.6
2024-09-23 16:00:00,14.1,14.1,14.1
2024-09-23 17:00:00,16.3,16.3,16.3
2024-09-23 18:00:00,20.3,20.3,20.3
2024-09-23 19:00:00,21.0,21.0,21.0
2024-09-23 20:00:00,24.1,24.1,24.1
2024-09-23 21:00:00,26.5,26.5,26.5
2024-09-23 22:00:00,27.9,27.9,27.9
2024-09-23 23:00:00,23.9,23.9,23.9
2024-09-24 00:00:00,30.2,30.2,30.2
2024-09-24 01:00:00,32.5,32.5,32.5
2024-09-24 02:00:00,26.7,26.7,26.7
2024-09-24 03:00:00,41.3,41.3,41.3
2024-09-24 04:00:00,44.6,44.6,44.6
2024-09-24 05:00:00,30.2,30.2,30.2
2024-09-24 06:00:00,18.4,18.4,18.4
2024-09-24 07:00:00,15.8,15.8,15.8
2024-09-24 08:00:00,14.4,14.4,14.4
2024-09-24 09:00:00,16.6,16.6,16.6
2024-09-24 10:00:00,19.5,19.5,19.5
2024-09-24 11:00:00,15.3,15.3,15.3
2024-09-24 12:00:00,12.2,12.2,12.2
2024-09-24 13:00:00,10.3,10.3,10.3
2024-09-24 14:00:00,10.6,10.6,10.6
2024-09-24 15:00:00,15.1,15.1,15.1
2024-09-24 16:00:00,20.8,20.8,20.8
2024-09-24 17:00:00,23.1,23.1,23.1
2024-09-24 18:00:00,25.7,25.7,25.7
2024-09-24 19:00:00,33.0,33.0,33.0
2024-09-24 20:00:00,34.8,34.8,34.8
2024-09-24 21:00:00,40.6,40.6,40.6
2024-09-24 22:00:00,38.1,38.1,38.1
2024-09-24 23:00:00,28.8,28.8,28.8
2024-09-25 00:00:00,22.1,22.1,22.1
2024-09-25 01:00:00,17.8,17.8,17.8
2024-09-25 02:00:00,33.3,33.3,33.3
2024-09-25 03:00:00,35.8,35.8,35.8
2024-09-25 04:00:00,32.2,32.2,32.2
2024-09-25 05:00:00,22.6,22.6,22.6
2024-09-25 06:00:00,18.4,18.4,18.4
2024-09-25 07:00:00,15.3,15.3,15.3
2024-09-25 08:00:00,11.8,11.8,11.8
2024-09-25 09:00:00,14.5,14.5,14.5
2024-09-25 10:00:00,18.4,18.4,18.4
2024-09-25 11:00:00,18.0,18.0,18.0
2024-09-25 12:00:00,23.0,23.0,23.0
2024-09-25 13:00:00,19.4,19.4,19.4
2024-09-25 14:00:00,19.6,19.6,19.6
2024-09-25 15:00:00,18.1,18.1,18.1
2024-09-25 16:00:00,16.5,16.5,16.5
2024-09-25 17:00:00,19.3,19.3,19.3
2024-09-25 18:00:00,21.2,21.2,21.2
2024-09-25 19:00:00,22.4,22.4,22.4
2024-09-25 20:00:00,27.3,27.3,27.3
2024-09-25 21:00:00,39.8,39.8,39.8
2024-09-25 22:00:00,46.3,46.3,46.3
2024-09-25 23:00:00,70.4,70.4,70.4
2024-09-26 00:00:00,44.4,44.4,44.4
2024-09-26 01:00:00,36.3,36.3,36.3
2024-09-26 02:00:00,27.5,27.5,27.5
2024-09-26 03:00:00,24.2,24.2,24.2
2024-09-26 04:00:00,23.1,23.1,23.1
2024-09-26 05:00:00,24.6,24.6,24.6
2024-09-26 06:00:00,20.1,20.1,20.1
2024-09-26 07:00:00,22.1,22.1,22.1
2024-09-26 08:00:00,22.6,22.6,22.6
2024-09-26 09:00:00,32.3,32.3,32.3
2024-09-26 10:00:00,46.3,46.3,46.3
2024-09-26 11:00:00,39.7,39.7,39.7
2024-09-26 12:00:00,,36.75,36.75
2024-09-26 13:00:00,33.8,33.8,33.8
2024-09-26 14:00:00,26.3,26.3,26.3
2024-09-26 15:00:00,23.1,23.1,23.1
2024-09-26 16:00:00,18.9,18.9,18.9
2024-09-26 17:00:00,19.3,19.3,19.3
2024-09-26 18:00:00,19.0,19.0,19.0
2024-09-26 19:00:00,19.2,19.2,19.2
2024-09-26 20:00:00,18.7,18.7,18.7
2024-09-26 21:00:00,19.6,19.6,19.6
2024-09-26 22:00:00,23.4,23.4,23.4
2024-09-26 23:00:00,28.4,28.4,28.4
2024-09-27 00:00:00,27.6,27.6,27.6
2024-09-27 01:00:00,26.9,26.9,26.9
2024-09-27 02:00:00,28.5,28.5,28.5
2024-09-27 03:00:00,30.2,30.2,30.2
2024-09-27 04:00:00,37.7,37.7,37.7
2024-09-27 05:00:00,38.3,38.3,38.3
2024-09-27 06:00:00,30.1,30.1,30.1
2024-09-27 07:00:00,29.2,29.2,29.2
2024-09-27 08:00:00,32.1,32.1,32.1
2024-09-27 09:00:00,35.5,35.5,35.5
2024-09-27 10:00:00,40.9,40.9,40.9
2024-09-27 11:00:00,52.3,52.3,52.3
2024-09-27 12:00:00,39.1,39.1,39.1
2024-09-27 13:00:00,37.2,37.2,37.2
2024-09-27 14:00:00,31.9,31.9,31.9
2024-09-27 15:00:00,29.1,29.1,29.1
2024-09-27 16:00:00,31.6,31.6,31.6
2024-09-27 17:00:00,35.6,35.6,35.6
2024-09-27 18:00:00,42.9,42.9,42.9
2024-09-27 19:00:00,46.1,46.1,46.1
2024-09-27 20:00:00,43.5,43.5,43.5
2024-09-27 21:00:00,45.5,45.5,45.5
2024-09-27 22:00:00,48.8,48.8,48.8
2024-09-27 23:00:00,41.6,41.6,41.6
2024-09-28 00:00:00,28.8,28.8,28.8
2024-09-28 01:00:00,27.8,27.8,27.8
2024-09-28 02:00:00,27.2,27.2,27.2
2024-09-28 03:00:00,22.8,22.8,22.8
2024-09-28 04:00:00,29.4,29.4,29.4
2024-09-28 05:00:00,37.1,37.1,37.1
2024-09-28 06:00:00,27.5,27.5,27.5
2024-09-28 07:00:00,28.9,28.9,28.9
2024-09-28 08:00:00,29.6,29.6,29.6
2024-09-28 09:00:00,30.8,30.8,30.8
2024-09-28 10:00:00,45.3,45.3,45.3
2024-09-28 11:00:00,46.8,46.8,46.8
2024-09-28 12:00:00,29.1,29.1,29.1
2024-09-28 13:00:00,27.3,27.3,27.3
2024-09-28 14:00:00,28.1,28.1,28.1
2024-09-28 15:00:00,37.0,37.0,37.0
2024-09-28 16:00:00,33.9,33.9,33.9
2024-09-28 17:00:00,36.7,36.7,36.7
2024-09-28 18:00:00,30.6,30.6,30.6
2024-09-28 19:00:00,31.1,31.1,31.1
2024-09-28 20:00:00,28.0,28.0,28.0
2024-09-28 21:00:00,25.3,25.3,25.3
2024-09-28 22:00:00,22.3,22.3,22.3
2024-09-28 23:00:00,22.0,22.0,22.0
2024-09-29 00:00:00,24.5,24.5,24.5
2024-09-29 01:00:00,34.6,34.6,34.6
2024-09-29 02:00:00,53.8,53.8,53.8
2024-09-29 03:00:00,64.8,64.8,64.8
2024-09-29 04:00:00,56.1,56.1,56.1
2024-09-29 05:00:00,66.8,66.8,66.8
2024-09-29 06:00:00,68.3,68.3,68.3
2024-09-29 07:00:00,55.0,55.0,55.0
2024-09-29 08:00:00,54.5,54.5,54.5
2024-09-29 09:00:00,62.7,62.7,62.7
2024-09-29 10:00:00,41.3,41.3,41.3
2024-09-29 11:00:00,37.2,37.2,37.2
2024-09-29 12:00:00,27.9,27.9,27.9
2024-09-29 13:00:00,29.2,29.2,29.2
2024-09-29 14:00:00,22.4,22.4,22.4
2024-09-29 15:00:00,20.8,20.8,20.8
2024-09-29 16:00:00,22.0,22.0,22.0
2024-09-29 17:00:00,19.5,19.5,19.5
2024-09-29 18:00:00,21.7,21.7,21.7
2024-09-29 19:00:00,23.6,23.6,23.6
2024-09-29 20:00:00,27.2,27.2,27.2
2024-09-29 21:00:00,30.2,30.2,30.2
2024-09-29 22:00:00,34.3,34.3,34.3
2024-09-29 23:00:00,35.7,35.7,35.7
2024-09-30 00:00:00,26.3,26.3,26.3
2024-09-30 01:00:00,30.8,30.8,30.8
2024-09-30 02:00:00,41.2,41.2,41.2
2024-09-30 03:00:00,36.5,36.5,36.5
2024-09-30 04:00:00,27.5,27.5,27.5
2024-09-30 05:00:00,33.1,33.1,33.1
2024-09-30 06:00:00,23.5,23.5,23.5
2024-09-30 07:00:00,12.4,12.4,12.4
2024-09-30 08:00:00,12.8,12.8,12.8
2024-09-30 09:00:00,14.7,14.7,14.7
2024-09-30 10:00:00,17.1,17.1,17.1
2024-09-30 11:00:00,26.2,26.2,26.2
2024-09-30 12:00:00,19.3,19.3,19.3
2024-09-30 13:00:00,13.9,13.9,13.9
2024-09-30 14:00:00,18.2,18.2,18.2
2024-09-30 15:00:00,13.4,13.4,13.4
2024-09-30 16:00:00,16.9,16.9,16.9
2024-09-30 17:00:00,15.3,15.3,15.3
2024-09-30 18:00:00,15.0,15.0,15.0
2024-09-30 19:00:00,13.5,13.5,13.5
2024-09-30 20:00:00,23.4,23.4,23.4
2024-09-30 21:00:00,26.1,26.1,26.1
2024-09-30 22:00:00,23.5,23.5,23.5
2024-09-30 23:00:00,16.7,16.7,16.7
2024-10-01 00:00:00,16.7,16.7,16.7
2024-10-01 01:00:00,17.5,17.5,17.5
2024-10-01 02:00:00,16.1,16.1,16.1
2024-10-01 03:00:00,17.3,17.3,17.3
2024-10-01 04:00:00,18.8,18.8,18.8
2024-10-01 05:00:00,15.1,15.1,15.1
2024-10-01 06:00:00,20.2,20.2,20.2
2024-10-01 07:00:00,30.2,30.2,30.2
2024-10-01 08:00:00,37.7,37.7,37.7
2024-10-01 09:00:00,34.5,34.5,34.5
2024-10-01 10:00:00,24.5,24.5,24.5
2024-10-01 11:00:00,27.0,27.0,27.0
2024-10-01 12:00:00,21.8,21.8,21.8
2024-10-01 13:00:00,18.0,18.0,18.0
2024-10-01 14:00:00,21.1,21.1,21.1
2024-10-01 15:00:00,17.0,17.0,17.0
2024-10-01 16:00:00,18.3,18.3,18.3
2024-10-01 17:00:00,20.4,20.4,20.4
2024-10-01 18:00:00,24.2,24.2,24.2
2024-10-01 19:00:00,26.2,26.2,26.2
2024-10-01 20:00:00,36.4,36.4,36.4
2024-10-01 21:00:00,34.3,34.3,34.3
2024-10-01 22:00:00,32.4,32.4,32.4
2024-10-01 23:00:00,39.1,39.1,39.1
2024-10-02 00:00:00,38.2,38.2,38.2
2024-10-02 01:00:00,30.6,30.6,30.6
2024-10-02 02:00:00,35.2,35.2,35.2
2024-10-02 03:00:00,26.1,26.1,26.1
2024-10-02 04:00:00,19.7,19.7,19.7
2024-10-02 05:00:00,24.3,24.3,24.3
2024-10-02 06:00:00,34.6,34.6,34.6
2024-10-02 07:00:00,39.5,39.5,39.5
2024-10-02 08:00:00,41.3,41.3,41.3
2024-10-02 09:00:00,49.3,49.3,49.3
2024-10-02 10:00:00,37.3,37.3,37.3
2024-10-02 11:00:00,29.4,29.4,29.4
2024-10-02 12:00:00,25.4,25.4,25.4
2024-10-02 13:00:00,19.9,19.9,19.9
2024-10-02 14:00:00,21.1,21.1,21.1
2024-10-02 15:00:00,17.3,17.3,17.3
2024-10-02 16:00:00,17.6,17.6,17.6
2024-10-02 17:00:00,19.2,19.2,19.2
2024-10-02 18:00:00,18.9,18.9,18.9
2024-10-02 19:00:00,20.2,20.2,20.2
2024-10-02 20:00:00,21.6,21.6,21.6
2024-10-02 21:00:00,24.0,24.0,24.0
2024-10-02 22:00:00,26.8,26.8,26.8
2024-10-02 23:00:00,32.1,32.1,32.1
2024-10-03 00:00:00,42.9,42.9,42.9
2024-10-03 01:00:00,39.9,39.9,39.9
2024-10-03 02:00:00,44.6,44.6,44.6
2024-10-03 03:00:00,36.3,36.3,36.3
2024-10-03 04:00:00,28.8,28.8,28.8
2024-10-03 05:00:00,28.6,28.6,28.6
2024-10-03 06:00:00,45.9,45.9,45.9
2024-10-03 07:00:00,51.4,51.4,51.4
2024-10-03 08:00:00,52.4,52.4,52.4
2024-10-03 09:00:00,55.9,55.9,55.9
2024-10-03 10:00:00,53.5,53.5,53.5
2024-10-03 11:00:00,34.0,34.0,34.0
2024-10-03 12:00:00,26.0,26.0,26.0
2024-10-03 13:00:00,24.5,24.5,24.5
2024-10-03 14:00:00,24.5,24.5,24.5
2024-10-03 15:00:00,23.9,23.9,23.9
2024-10-03 16:00:00,33.7,33.7,33.7
2024-10-03 17:00:00,37.9,37.9,37.9
2024-10-03 18:00:00,40.6,40.6,40.6
2024-10-03 19:00:00,42.9,42.9,42.9
2024-10-03 20:00:00,39.1,39.1,39.1
2024-10-03 21:00:00,41.5,41.5,41.5
2024-10-03 22:00:00,32.7,32.7,32.7
2024-10-03 23:00:00,33.5,33.5,33.5
2024-10-04 00:00:00,34.2,34.2,34.2
2024-10-04 01:00:00,25.6,25.6,25.6
2024-10-04 02:00:00,19.9,19.9,19.9
2024-10-04 03:00:00,28.8,28.8,28.8
2024-10-04 04:00:00,32.1,32.1,32.1
2024-10-04 05:00:00,21.5,21.5,21.5
2024-10-04 06:00:00,25.4,25.4,25.4
2024-10-04 07:00:00,38.7,38.7,38.7
2024-10-04 08:00:00,41.6,41.6,41.6
2024-10-04 09:00:00,31.7,31.7,31.7
2024-10-04 10:00:00,27.6,27.6,27.6
2024-10-04 11:00:00,25.1,25.1,25.1
2024-10-04 12:00:00,21.7,21.7,21.7
2024-10-04 13:00:00,20.1,20.1,20.1
2024-10-04 14:00:00,20.5,20.5,20.5
2024-10-04 15:00:00,20.4,20.4,20.4
2024-10-04 16:00:00,17.8,17.8,17.8
2024-10-04 17:00:00,20.9,20.9,20.9
2024-10-04 18:00:00,22.4,22.4,22.4
2024-10-04 19:00:00,23.2,23.2,23.2
2024-10-04 20:00:00,23.1,23.1,23.1
2024-10-04 21:00:00,33.2,33.2,33.2
2024-10-04 22:00:00,31.8,31.8,31.8
2024-10-04 23:00:00,33.2,33.2,33.2
2024-10-05 00:00:00,37.1,37.1,37.1
2024-10-05 01:00:00,39.7,39.7,39.7
2024-10-05 02:00:00,42.6,42.6,42.6
2024-10-05 03:00:00,35.9,35.9,35.9
2024-10-05 04:00:00,43.3,43.3,43.3
2024-10-05 05:00:00,44.4,44.4,44.4
2024-10-05 06:00:00,49.7,49.7,49.7
2024-10-05 07:00:00,56.7,56.7,56.7
2024-10-05 08:00:00,48.3,48.3,48.3
2024-10-05 09:00:00,43.2,43.2,43.2
2024-10-05 10:00:00,35.7,35.7,35.7
2024-10-05 11:00:00,34.4,34.4,34.4
2024-10-05 12:00:00,28.2,28.2,28.2
2024-10-05 13:00:00,28.2,28.2,28.2
2024-10-05 14:00:00,33.8,33.8,33.8
2024-10-05 15:00:00,44.2,44.2,44.2
2024-10-05 16:00:00,39.3,39.3,39.3
2024-10-05 17:00:00,36.1,36.1,36.1
2024-10-05 18:00:00,31.3,31.3,31.3
2024-10-05 19:00:00,26.7,26.7,26.7
2024-10-05 20:00:00,33.1,33.1,33.1
2024-10-05 21:00:00,35.5,35.5,35.5
2024-10-05 22:00:00,33.7,33.7,33.7
2024-10-05 23:00:00,30.7,30.7,30.7
2024-10-06 00:00:00,30.6,30.6,30.6
2024-10-06 01:00:00,40.7,40.7,40.7
2024-10-06 02:00:00,51.9,51.9,51.9
2024-10-06 03:00:00,53.4,53.4,53.4
2024-10-06 04:00:00,40.1,40.1,40.1
2024-10-06 05:00:00,24.7,24.7,24.7
2024-10-06 06:00:00,34.8,34.8,34.8
2024-10-06 07:00:00,51.9,51.9,51.9
2024-10-06 08:00:00,65.7,65.7,65.7
2024-10-06 09:00:00,58.8,58.8,58.8
2024-10-06 10:00:00,63.4,63.4,63.4
2024-10-06 11:00:00,66.2,66.2,66.2
2024-10-06 12:00:00,58.6,58.6,58.6
2024-10-06 13:00:00,48.4,48.4,48.4
2024-10-06 14:00:00,38.9,38.9,38.9
2024-10-06 15:00:00,33.1,33.1,33.1
2024-10-06 16:00:00,24.2,24.2,24.2
2024-10-06 17:00:00,21.0,21.0,21.0
2024-10-06 18:00:00,23.6,23.6,23.6
2024-10-06 19:00:00,25.6,25.6,25.6
2024-10-06 20:00:00,32.5,32.5,32.5
2024-10-06 21:00:00,31.36,31.36,31.36
2024-10-06 22:00:00,34.56,34.56,34.56
2024-10-06 23:00:00,35.6,35.6,35.6
2024-10-07 00:00:00,37.81,37.81,37.81
2024-10-07 01:00:00,34.06,34.06,34.06
2024-10-07 02:00:00,31.29,31.29,31.29
2024-10-07 03:00:00,19.83,19.83,19.83
2024-10-07 04:00:00,12.97,12.97,12.97
2024-10-07 05:00:00,12.55,12.55,12.55
2024-10-07 06:00:00,13.26,13.26,13.26
2024-10-07 07:00:00,21.75,21.75,21.75
2024-10-07 08:00:00,29.76,29.76,29.76
2024-10-07 09:00:00,27.08,27.08,27.08
2024-10-07 10:00:00,44.38,44.38,44.38
2024-10-07 11:00:00,50.6,50.6,50.6
2024-10-07 12:00:00,31.75,31.75,31.75
2024-10-07 13:00:00,22.23,22.23,22.23
2024-10-07 14:00:00,14.77,14.77,14.77
2024-10-07 15:00:00,14.84,14.84,14.84
2024-10-07 16:00:00,14.11,14.11,14.11
2024-10-07 17:00:00,16.16,16.16,16.16
2024-10-07 18:00:00,14.98,14.98,14.98
2024-10-07 19:00:00,15.57,15.57,15.57
2024-10-07 20:00:00,18.39,18.39,18.39
2024-10-07 21:00:00,24.47,24.47,24.47
2024-10-07 22:00:00,21.15,21.15,21.15
2024-10-07 23:00:00,27.46,27.46,27.46
2024-10-08 00:00:00,25.8,25.8,25.8
2024-10-08 01:00:00,25.66,25.66,25.66
2024-10-08 02:00:00,32.53,32.53,32.53
2024-10-08 03:00:00,29.72,29.72,29.72
2024-10-08 04:00:00,13.59,13.59,13.59
2024-10-08 05:00:00,11.36,11.36,11.36
2024-10-08 06:00:00,11.24,11.24,11.24
2024-10-08 07:00:00,14.12,14.12,14.12
2024-10-08 08:00:00,13.98,13.98,13.98
2024-10-08 09:00:00,16.27,16.27,16.27
2024-10-08 10:00:00,21.37,21.37,21.37
2024-10-08 11:00:00,18.94,18.94,18.94
2024-10-08 12:00:00,14.58,14.58,14.58
2024-10-08 13:00:00,20.07,20.07,20.07
2024-10-08 14:00:00,23.77,23.77,23.77
2024-10-08 15:00:00,18.43,18.43,18.43
2024-10-08 16:00:00,19.87,19.87,19.87
2024-10-08 17:00:00,16.86,16.86,16.86
2024-10-08 18:00:00,16.06,16.06,16.06
2024-10-08 19:00:00,15.46,15.46,15.46
2024-10-08 20:00:00,16.59,16.59,16.59
2024-10-08 21:00:00,16.87,16.87,16.87
2024-10-08 22:00:00,18.24,18.24,18.24
2024-10-08 23:00:00,18.64,18.64,18.64
2024-10-09 00:00:00,21.42,21.42,21.42
2024-10-09 01:00:00,23.4,23.4,23.4
2024-10-09 02:00:00,18.53,18.53,18.53
2024-10-09 03:00:00,15.32,15.32,15.32
2024-10-09 04:00:00,13.56,13.56,13.56
2024-10-09 05:00:00,16.04,16.04,16.04
2024-10-09 06:00:00,18.19,18.19,18.19
2024-10-09 07:00:00,17.56,17.56,17.56
2024-10-09 08:00:00,17.96,17.96,17.96
2024-10-09 09:00:00,19.71,19.71,19.71
2024-10-09 10:00:00,26.47,26.47,26.47
2024-10-09 11:00:00,30.99,30.99,30.99
2024-10-09 12:00:00,31.42,31.42,31.42
2024-10-09 13:00:00,18.84,18.84,18.84
2024-10-09 14:00:00,13.32,13.32,13.32
2024-10-09 15:00:00,13.53,13.53,13.53
2024-10-09 16:00:00,19.25,19.25,19.25
2024-10-09 17:00:00,25.8,25.8,25.8
2024-10-09 18:00:00,29.28,29.28,29.28
2024-10-09 19:00:00,22.9,22.9,22.9
2024-10-09 20:00:00,18.37,18.37,18.37
2024-10-09 21:00:00,16.63,16.63,16.63
2024-10-09 22:00:00,16.55,16.55,16.55
2024-10-09 23:00:00,18.57,18.57,18.57
2024-10-10 10:00:00,20.85,20.85,20.85
2024-10-10 11:00:00,21.73,21.73,21.73
2024-10-10 12:00:00,22.77,22.77,22.77
2024-10-10 13:00:00,28.37,28.37,28.37
2024-10-10 14:00:00,24.47,24.47,24.47
2024-10-10 15:00:00,30.53,30.53,30.53
2024-10-10 16:00:00,28.92,28.92,28.92
2024-10-10 17:00:00,28.17,28.17,28.17
2024-10-10 18:00:00,24.61,24.61,24.61
2024-10-10 19:00:00,33.54,33.54,33.54
2024-10-10 20:00:00,56.28,56.28,56.28
2024-10-10 21:00:00,55.13,55.13,55.13
2024-10-10 22:00:00,50.63,50.63,50.63
2024-10-10 23:00:00,66.84,66.84,66.84
2024-10-11 00:00:00,56.96,56.96,56.96
2024-10-11 01:00:00,58.4,58.4,58.4
2024-10-11 02:00:00,49.99,49.99,49.99
2024-10-11 03:00:00,41.97,41.97,41.97
2024-10-11 04:00:00,47.75,47.75,47.75
2024-10-11 05:00:00,69.09,69.09,69.09
2024-10-11 06:00:00,67.04,67.04,67.04
2024-10-11 07:00:00,54.86,54.86,54.86
2024-10-11 08:00:00,46.08,46.08,46.08
2024-10-11 09:00:00,36.88,36.88,36.88
2024-10-11 10:00:00,37.16,37.16,37.16
2024-10-11 11:00:00,46.02,46.02,46.02
2024-10-11 12:00:00,35.47,35.47,35.47
2024-10-11 13:00:00,24.42,24.42,24.42
2024-10-11 14:00:00,26.86,26.86,26.86
2024-10-11 15:00:00,23.08,23.08,23.08
2024-10-11 16:00:00,20.0,20.0,20.0
2024-10-11 17:00:00,17.97,17.97,17.97
2024-10-11 18:00:00,18.92,18.92,18.92
2024-10-11 19:00:00,20.92,20.92,20.92
2024-10-11 20:00:00,21.64,21.64,21.64
2024-10-11 21:00:00,25.25,25.25,25.25
2024-10-11 22:00:00,42.21,42.21,42.21
2024-10-11 23:00:00,44.01,44.01,44.01
2024-10-12 00:00:00,45.99,45.99,45.99
2024-10-12 01:00:00,59.72,59.72,59.72
2024-10-12 02:00:00,50.65,50.65,50.65
2024-10-12 03:00:00,23.61,23.61,23.61
2024-10-12 04:00:00,22.48,22.48,22.48
2024-10-12 05:00:00,26.86,26.86,26.86
2024-10-12 06:00:00,25.73,25.73,25.73
2024-10-12 07:00:00,31.18,31.18,31.18
2024-10-12 08:00:00,41.93,41.93,41.93
2024-10-12 09:00:00,42.37,42.37,42.37
2024-10-12 10:00:00,30.55,30.55,30.55
2024-10-13 00:00:00,23.7,23.7,23.7
2024-10-13 01:00:00,23.0,23.0,23.0
2024-10-13 02:00:00,21.5,21.5,21.5
2024-10-13 03:00:00,24.4,24.4,24.4
2024-10-13 04:00:00,24.1,24.1,24.1
2024-10-13 05:00:00,21.1,21.1,21.1
2024-10-13 06:00:00,19.1,19.1,19.1
2024-10-13 07:00:00,20.8,20.8,20.8
2024-10-13 08:00:00,23.9,23.9,23.9
2024-10-13 09:00:00,26.8,26.8,26.8
2024-10-13 10:00:00,24.2,24.2,24.2
2024-10-13 11:00:00,20.9,20.9,20.9
2024-10-13 12:00:00,20.2,20.2,20.2
2024-10-13 13:00:00,20.27,20.27,20.27
2024-10-13 14:00:00,21.22,21.22,21.22
2024-10-13 15:00:00,22.77,22.77,22.77
2024-10-13 16:00:00,18.66,18.66,18.66
2024-10-13 17:00:00,14.42,14.42,14.42
2024-10-13 18:00:00,15.75,15.75,15.75
2024-10-13 19:00:00,17.81,17.81,17.81
2024-10-13 20:00:00,19.4,19.4,19.4
2024-10-13 21:00:00,24.23,24.23,24.23
2024-10-13 22:00:00,25.1,25.1,25.1
2024-10-13 23:00:00,22.48,22.48,22.48
2024-10-14 00:00:00,17.26,17.26,17.26
2024-10-14 01:00:00,16.53,16.53,16.53
2024-10-14 02:00:00,14.82,14.82,14.82
2024-10-14 03:00:00,16.45,16.45,16.45
2024-10-14 04:00:00,20.43,20.43,20.43
2024-10-14 05:00:00,21.35,21.35,21.35
2024-10-14 06:00:00,25.54,25.54,25.54
2024-10-14 07:00:00,30.13,30.13,30.13
2024-10-14 08:00:00,34.16,34.16,34.16
2024-10-14 09:00:00,33.36,33.36,33.36
2024-10-14 10:00:00,30.06,30.06,30.06
2024-10-14 11:00:00,26.87,26.87,26.87
2024-10-14 12:00:00,26.53,26.53,26.53
2024-10-14 13:00:00,19.57,19.57,19.57
2024-10-14 14:00:00,16.34,16.34,16.34
2024-10-14 15:00:00,16.08,16.08,16.08
2024-10-14 16:00:00,16.96,16.96,16.96
2024-10-14 17:00:00,20.26,20.26,20.26
2024-10-14 18:00:00,19.16,19.16,19.16
2024-10-14 19:00:00,22.51,22.51,22.51
2024-10-14 20:00:00,26.86,26.86,26.86
2024-10-14 21:00:00,27.42,27.42,27.42
2024-10-14 22:00:00,18.97,18.97,18.97
2024-10-14 23:00:00,23.29,23.29,23.29
2024-10-15 00:00:00,28.38,28.38,28.38
2024-10-15 01:00:00,28.65,28.65,28.65
2024-10-15 02:00:00,23.9,23.9,23.9
2024-10-15 03:00:00,17.32,17.32,17.32
2024-10-15 04:00:00,19.93,19.93,19.93
2024-10-15 05:00:00,23.08,23.08,23.08
2024-10-15 06:00:00,25.82,25.82,25.82
2024-10-15 07:00:00,23.1,23.1,23.1
2024-10-15 08:00:00,18.17,18.17,18.17
2024-10-15 09:00:00,17.77,17.77,17.77
2024-10-15 10:00:00,20.95,20.95,20.95
2024-10-15 11:00:00,24.96,24.96,24.96
2024-10-15 12:00:00,26.46,26.46,26.46
2024-10-15 13:00:00,26.3,26.3,26.3
2024-10-15 14:00:00,23.07,23.07,23.07
2024-10-15 15:00:00,16.62,16.62,16.62
2024-10-15 16:00:00,15.5,15.5,15.5
2024-10-15 17:00:00,16.45,16.45,16.45
2024-10-15 18:00:00,16.73,16.73,16.73
2024-10-15 19:00:00,20.1,20.1,20.1
2024-10-15 20:00:00,22.46,22.46,22.46
2024-10-15 21:00:00,24.83,24.83,24.83
2024-10-15 22:00:00,23.93,23.93,23.93
2024-10-15 23:00:00,23.66,23.66,23.66
2024-10-16 00:00:00,21.88,21.88,21.88
2024-10-16 01:00:00,18.63,18.63,18.63
2024-10-16 02:00:00,17.41,17.41,17.41
2024-10-16 03:00:00,14.05,14.05,14.05
2024-10-16 04:00:00,13.52,13.52,13.52
2024-10-16 05:00:00,14.45,14.45,14.45
2024-10-16 06:00:00,15.13,15.13,15.13
2024-10-16 07:00:00,16.96,16.96,16.96
2024-10-16 08:00:00,24.36,24.36,24.36
2024-10-16 09:00:00,28.28,28.28,28.28
2024-10-16 10:00:00,30.2,30.2,30.2
2024-10-16 11:00:00,20.71,20.71,20.71
2024-10-16 12:00:00,22.67,22.67,22.67
2024-10-16 13:00:00,26.25,26.25,26.25
2024-10-16 14:00:00,32.34,32.34,32.34
2024-10-16 15:00:00,27.31,27.31,27.31
2024-10-16 16:00:00,22.82,22.82,22.82
2024-10-16 17:00:00,22.87,22.87,22.87
2024-10-16 18:00:00,23.01,23.01,23.01
2024-10-16 19:00:00,23.2,23.2,23.2
2024-10-16 20:00:00,22.72,22.72,22.72
2024-10-16 21:00:00,21.05,21.05,21.05
2024-10-16 22:00:00,19.97,19.97,19.97
2024-10-16 23:00:00,19.44,19.44,19.44
2024-10-17 00:00:00,17.85,17.85,17.85
2024-10-17 01:00:00,23.11,23.11,23.11
2024-10-17 02:00:00,31.88,31.88,31.88
2024-10-17 03:00:00,28.25,28.25,28.25
2024-10-17 04:00:00,26.06,26.06,26.06
2024-10-17 05:00:00,18.98,18.98,18.98
2024-10-17 06:00:00,14.68,14.68,14.68
2024-10-17 07:00:00,17.92,17.92,17.92
2024-10-17 08:00:00,20.95,20.95,20.95
2024-10-17 09:00:00,22.86,22.86,22.86
2024-10-17 10:00:00,18.08,18.08,18.08
2024-10-17 11:00:00,18.82,18.82,18.82
2024-10-17 12:00:00,16.49,16.49,16.49
2024-10-17 13:00:00,16.71,16.71,16.71
2024-10-17 14:00:00,16.77,16.77,16.77
2024-10-17 15:00:00,16.11,16.11,16.11
2024-10-17 16:00:00,14.83,14.83,14.83
2024-10-17 17:00:00,16.35,16.35,16.35
2024-10-17 18:00:00,15.02,15.02,15.02
2024-10-17 19:00:00,15.67,15.67,15.67
2024-10-17 20:00:00,16.46,16.46,16.46
2024-10-17 21:00:00,16.63,16.63,16.63
2024-10-17 22:00:00,16.38,16.38,16.38
2024-10-17 23:00:00,15.57,15.57,15.57
2024-10-18 00:00:00,14.91,14.91,14.91
2024-10-18 01:00:00,17.72,17.72,17.72
2024-10-18 02:00:00,41.52,41.52,41.52
2024-10-18 03:00:00,64.65,64.65,64.65
2024-10-18 04:00:00,45.82,45.82,45.82
2024-10-18 05:00:00,45.62,45.62,45.62
2024-10-18 06:00:00,61.16,61.16,61.16
2024-10-18 07:00:00,65.3,65.3,65.3
2024-10-18 08:00:00,50.6,50.6,50.6
2024-10-18 09:00:00,42.18,42.18,42.18
2024-10-18 10:00:00,35.74,35.74,35.74
2024-10-18 11:00:00,34.13,34.13,34.13
2024-10-18 12:00:00,31.1,31.1,31.1
2024-10-18 13:00:00,33.13,33.13,33.13
2024-10-18 14:00:00,35.42,35.42,35.42
2024-10-18 15:00:00,30.43,30.43,30.43
2024-10-18 16:00:00,22.95,22.95,22.95
2024-10-18 17:00:00,20.16,20.16,20.16
2024-10-18 18:00:00,20.71,20.71,20.71
2024-10-18 19:00:00,26.23,26.23,26.23
2024-10-18 20:00:00,22.0,22.0,22.0
2024-10-18 21:00:00,21.56,21.56,21.56
2024-10-18 22:00:00,24.24,24.24,24.24
2024-10-18 23:00:00,35.86,35.86,35.86
2024-10-19 00:00:00,41.43,41.43,41.43
2024-10-19 01:00:00,40.99,40.99,40.99
2024-10-19 02:00:00,38.42,38.42,38.42
2024-10-19 03:00:00,34.23,34.23,34.23
2024-10-19 04:00:00,41.66,41.66,41.66
2024-10-19 05:00:00,31.82,31.82,31.82
2024-10-19 06:00:00,36.89,36.89,36.89
2024-10-19 07:00:00,39.93,39.93,39.93
2024-10-19 08:00:00,44.43,44.43,44.43
2024-10-19 09:00:00,49.56,49.56,49.56
2024-10-19 10:00:00,50.92,50.92,50.92
2024-10-19 11:00:00,22.86,22.86,22.86
2024-10-19 12:00:00,18.64,18.64,18.64
2024-10-19 13:00:00,15.9,15.9,15.9
2024-10-19 14:00:00,19.69,19.69,19.69
2024-10-19 15:00:00,18.47,18.47,18.47
2024-10-19 16:00:00,17.15,17.15,17.15
2024-10-19 17:00:00,16.22,16.22,16.22
2024-10-19 18:00:00,21.25,21.25,21.25
2024-10-19 19:00:00,24.78,24.78,24.78
2024-10-19 20:00:00,29.89,29.89,29.89
2024-10-19 21:00:00,37.86,37.86,37.86
2024-10-19 22:00:00,32.41,32.41,32.41
2024-10-19 23:00:00,39.41,39.41,39.41
2024-10-20 00:00:00,33.42,33.42,33.42
2024-10-20 01:00:00,27.15,27.15,27.15
2024-10-20 02:00:00,25.3,25.3,25.3
2024-10-20 03:00:00,28.58,28.58,28.58
2024-10-20 04:00:00,27.64,27.64,27.64
2024-10-20 05:00:00,29.7,29.7,29.7
2024-10-20 06:00:00,32.86,32.86,32.86
2024-10-20 07:00:00,33.49,33.49,33.49
2024-10-20 08:00:00,30.81,30.81,30.81
2024-10-20 09:00:00,24.38,24.38,24.38
2024-10-20 10:00:00,26.62,26.62,26.62
2024-10-20 11:00:00,29.98,29.98,29.98
2024-10-20 12:00:00,16.63,16.63,16.63
2024-10-20 13:00:00,13.77,13.77,13.77
2024-10-20 14:00:00,12.99,12.99,12.99
2024-10-20 15:00:00,11.34,11.34,11.34
2024-10-20 16:00:00,13.3,13.3,13.3
2024-10-20 17:00:00,12.74,12.74,12.74
2024-10-20 18:00:00,12.8,12.8,12.8
2024-10-20 19:00:00,14.81,14.81,14.81
2024-10-20 20:00:00,21.41,21.41,21.41
2024-10-20 21:00:00,24.23,24.23,24.23
2024-10-20 22:00:00,18.78,18.78,18.78
2024-10-20 23:00:00,14.07,14.07,14.07
2024-10-21 00:00:00,14.99,14.99,14.99
2024-10-21 01:00:00,15.44,15.44,15.44
2024-10-21 02:00:00,15.5,15.5,15.5
2024-10-21 03:00:00,15.83,15.83,15.83
2024-10-21 04:00:00,16.57,16.57,16.57
2024-10-21 05:00:00,17.52,17.52,17.52
2024-10-21 06:00:00,18.01,18.01,18.01
2024-10-21 07:00:00,15.46,15.46,15.46
2024-10-21 08:00:00,15.8,15.8,15.8
2024-10-21 09:00:00,16.35,16.35,16.35
2024-10-21 10:00:00,15.26,15.26,15.26
2024-10-21 11:00:00,18.66,18.66,18.66
2024-10-21 12:00:00,16.1,16.1,16.1
2024-10-21 13:00:00,16.04,16.04,16.04
2024-10-21 14:00:00,15.13,15.13,15.13
2024-10-21 15:00:00,14.59,14.59,14.59
2024-10-21 16:00:00,13.55,13.55,13.55
2024-10-21 17:00:00,14.05,14.05,14.05
2024-10-21 18:00:00,15.2,15.2,15.2
2024-10-21 19:00:00,14.15,14.15,14.15
2024-10-21 20:00:00,12.55,12.55,12.55
2024-10-21 21:00:00,13.82,13.82,13.82
2024-10-21 22:00:00,13.51,13.51,13.51
2024-10-21 23:00:00,13.55,13.55,13.55
2024-10-22 00:00:00,13.45,13.45,13.45
2024-10-22 01:00:00,14.98,14.98,14.98
2024-10-22 02:00:00,15.44,15.44,15.44
2024-10-22 03:00:00,15.45,15.45,15.45
2024-10-22 04:00:00,14.12,14.12,14.12
2024-10-22 05:00:00,14.7,14.7,14.7
2024-10-22 06:00:00,12.56,12.56,12.56
2024-10-22 07:00:00,14.67,14.67,14.67
2024-10-22 08:00:00,14.66,14.66,14.66
2024-10-22 09:00:00,12.94,12.94,12.94
2024-10-22 10:00:00,15.57,15.57,15.57
2024-10-22 11:00:00,16.5,16.5,16.5
2024-10-22 12:00:00,14.24,14.24,14.24
2024-10-22 13:00:00,12.78,12.78,12.78
2024-10-22 14:00:00,12.04,12.04,12.04
2024-10-22 15:00:00,11.47,11.47,11.47
2024-10-22 16:00:00,13.16,13.16,13.16
2024-10-22 17:00:00,15.63,15.63,15.63
2024-10-22 18:00:00,15.87,15.87,15.87
2024-10-22 19:00:00,18.52,18.52,18.52
2024-10-22 20:00:00,18.73,18.73,18.73
2024-10-22 21:00:00,20.22,20.22,20.22
2024-10-22 22:00:00,15.89,15.89,15.89
2024-10-22 23:00:00,17.14,17.14,17.14
2024-10-23 01:00:00,17.73,17.73,17.73
2024-10-23 02:00:00,15.76,15.76,15.76
2024-10-23 03:00:00,13.95,13.95,13.95
2024-10-23 04:00:00,13.65,13.65,13.65
2024-10-23 05:00:00,14.93,14.93,14.93
2024-10-23 06:00:00,14.62,14.62,14.62
2024-10-23 07:00:00,16.08,16.08,16.08
2024-10-23 08:00:00,21.8,21.8,21.8
2024-10-23 09:00:00,18.12,18.12,18.12
2024-10-23 10:00:00,14.92,14.92,14.92
2024-10-23 11:00:00,20.14,20.14,20.14
2024-10-23 12:00:00,26.59,26.59,26.59
2024-10-23 13:00:00,22.07,22.07,22.07
2024-10-23 14:00:00,27.07,27.07,27.07
2024-10-23 15:00:00,20.17,20.17,20.17
2024-10-23 16:00:00,17.56,17.56,17.56
2024-10-23 17:00:00,17.38,17.38,17.38
2024-10-23 18:00:00,20.03,20.03,20.03
2024-10-23 19:00:00,19.64,19.64,19.64
2024-10-23 20:00:00,20.23,20.23,20.23
2024-10-23 21:00:00,19.19,19.19,19.19
2024-10-23 22:00:00,19.06,19.06,19.06
2024-10-23 23:00:00,21.44,21.44,21.44
2024-10-24 00:00:00,23.38,23.38,23.38
2024-10-24 01:00:00,25.34,25.34,25.34
2024-10-24 02:00:00,24.39,24.39,24.39
2024-10-24 03:00:00,21.12,21.12,21.12
2024-10-24 04:00:00,21.52,21.52,21.52
2024-10-24 05:00:00,24.18,24.18,24.18
2024-10-24 06:00:00,30.07,30.07,30.07
2024-10-24 07:00:00,26.66,26.66,26.66
2024-10-24 08:00:00,29.73,29.73,29.73
2024-10-24 09:00:00,23.86,23.86,23.86
2024-10-24 10:00:00,19.76,19.76,19.76
2024-10-24 11:00:00,15.24,15.24,15.24
2024-10-24 12:00:00,17.0,17.0,17.0
2024-10-24 13:00:00,18.64,18.64,18.64
2024-10-24 14:00:00,16.08,16.08,16.08
2024-10-24 15:00:00,17.62,17.62,17.62
2024-10-24 16:00:00,18.18,18.18,18.18
2024-10-24 17:00:00,19.52,19.52,19.52
2024-10-24 18:00:00,17.68,17.68,17.68
2024-10-24 19:00:00,18.42,18.42,18.42
2024-10-24 20:00:00,16.79,16.79,16.79
2024-10-24 21:00:00,21.67,21.67,21.67
2024-10-24 22:00:00,16.9,16.9,16.9
2024-10-24 23:00:00,16.07,16.07,16.07
2024-10-25 00:00:00,15.76,15.76,15.76
2024-10-25 01:00:00,12.35,12.35,12.35
2024-10-25 02:00:00,12.08,12.08,12.08
2024-10-25 03:00:00,13.25,13.25,13.25
2024-10-25 04:00:00,11.34,11.34,11.34
2024-10-25 05:00:00,11.46,11.46,11.46
2024-10-25 06:00:00,11.97,11.97,11.97
2024-10-25 07:00:00,11.51,11.51,11.51
2024-10-25 08:00:00,15.03,15.03,15.03
2024-10-25 09:00:00,25.47,25.47,25.47
2024-10-25 10:00:00,22.54,22.54,22.54
2024-10-25 11:00:00,17.51,17.51,17.51
2024-10-25 12:00:00,15.95,15.95,15.95
2024-10-25 13:00:00,15.88,15.88,15.88
2024-10-25 14:00:00,15.94,15.94,15.94
2024-10-25 15:00:00,16.86,16.86,16.86
2024-10-25 16:00:00,15.71,15.71,15.71
2024-10-25 17:00:00,14.25,14.25,14.25
2024-10-25 18:00:00,16.38,16.38,16.38
2024-10-25 19:00:00,18.77,18.77,18.77
2024-10-25 20:00:00,24.02,24.02,24.02
2024-10-25 21:00:00,25.09,25.09,25.09
2024-10-25 22:00:00,27.39,27.39,27.39
2024-10-25 23:00:00,23.22,23.22,23.22
2024-10-26 00:00:00,21.27,21.27,21.27
2024-10-26 01:00:00,21.27,21.27,21.27
2024-10-26 02:00:00,20.73,20.73,20.73
2024-10-26 03:00:00,21.27,21.27,21.27
2024-10-26 04:00:00,18.94,18.94,18.94
2024-10-26 05:00:00,15.26,15.26,15.26
2024-10-26 06:00:00,14.82,14.82,14.82
2024-10-26 07:00:00,11.93,11.93,11.93
2024-10-26 08:00:00,11.69,11.69,11.69
2024-10-26 09:00:00,13.67,13.67,13.67
2024-10-26 10:00:00,14.83,14.83,14.83
2024-10-26 11:00:00,16.18,16.18,16.18
2024-10-26 12:00:00,16.85,16.85,16.85
2024-10-26 13:00:00,25.64,25.64,25.64
2024-10-26 14:00:00,23.64,23.64,23.64
2024-10-26 15:00:00,16.43,16.43,16.43
2024-10-26 16:00:00,15.59,15.59,15.59
2024-10-26 17:00:00,15.79,15.79,15.79
2024-10-26 18:00:00,16.08,16.08,16.08
2024-10-26 19:00:00,15.34,15.34,15.34
2024-10-26 20:00:00,19.76,19.76,19.76
2024-10-26 21:00:00,26.19,26.19,26.19
2024-10-26 22:00:00,30.89,30.89,30.89
2024-10-26 23:00:00,31.75,31.75,31.75
2024-10-27 00:00:00,29.2,29.2,29.2
